納入申告書（定額）,,,,,,,,
"「必須」欄の凡例
○：必須項目　　　　　　　必ず値を設定してください。
△：条件付き必須項目　　　他の項目の設定内容により設定が必須となります。条件について、各項目の「備考」欄を参照してください。
－：入力不要項目　　　　　システムが自動で設定する項目のため、値を設定しない。項目区切りを表す"",""(カンマ)は必要ですのでご注意ください。
空白：任意入力項目　　　　設定は任意です。値を設定しない場合でも、項目区切りを表す"",""(カンマ)が必要ですのでご注意ください。

「文字属性」欄の凡例
全角：【全角】eLTAXで使用できる全角文字( https://www.eltax.lta.go.jp/eltax/chuuijikou/moji/ )を入力する。（℃、Å、⌒、★、☆、♀、♂、♪、♭、♯は使用不可）
半角：【半角】英数字、記号を入力する。
数字：【半角】数字を入力する。",,,,,,,,
,,,,,,,,
,,,,,,,,
,,,,,,,,
No.,CSV項目名称,データの意味,入力文字,,,,コードID,備考
,,,必須,型,文字属性,文字数,,
1,税目区分,,－,,半角,3,CC1030,システムが自動で設定する。
2,様式ID,,－,,半角,10,,システムが自動で設定する。
3,手続ID,,－,,半角,8,,システムが自動で設定する。
4,利用者ID,,－,,半角,11,,システムが自動で設定する。
5,納税者ID,,－,,半角,11,,システムが自動で設定する。
6,代理人利用者ID,,－,,半角,11,,システムが自動で設定する。
7,代理人納税者ID,,－,,半角,11,,システムが自動で設定する。
8,申告受付番号,,－,,半角,14,,システムが自動で設定する。
9,受付年月日,システムで受付した日を西暦8桁の年月日で記録する。,－,,数字,8,,システムが自動で設定する。
10,宛先【地方公共団体コード】,"統計に用いる都道府県等の区域を示す標準コード(昭和45年行政管理庁告示第44号)」の該当コードを記録する。
※補足
　提出先の地方公共団体コード(政令市の場合は、市を示すコード(例：横浜市の場合、14100））を記録する。
　(JISの都道府県コード（X0401)2桁、市区町村コード（X0402)3桁からなる、地方公共団体コード)",△,,数字,5,,"システムが自動で設定する。

※一括取込の時入力必須、数字5桁で記録する。"
11,宛先【税務事務所コード】,提出先の税務事務所コードを記録する。,△,,数字,3,,"システムが自動で設定する。

※一括取込の時入力必須、前ゼロ付き3桁で記録する。"
12,宛先【長名】,"都道府県の場合は○○都道府県知事と記載する。市区町村の場合は○○市区町村長として記載すること。
例）東京都の場合　東京都知事
　横浜市の場合　横浜市長",○,,全角,50,,
13,提出年月日,提出する日を西暦8桁の年月日で記録する。,○,,数字,8,,
14,特別徴収義務者【証票番号（事業者番号）】,提出先団体が指定した特別徴収義務者の番号を記録する。,,,半角,12,,文字属性については、半角英数字及び半角記号のみ許容する。
15,特別徴収義務者【氏名又は名称】,,○,,全角,80,,
16,特別徴収義務者【代表者氏名】,,,,全角,80,,
17,特別徴収義務者【郵便番号】,「－（ハイフン）」を除く７桁の数字を記録する。,○,,数字,7,,
18,特別徴収義務者【住所又は所在地】,,○,,全角,80,,
19,特別徴収義務者【電話番号】,,○,,半角,20,,半角数字、半角ハイフン又は丸括弧とする。
20,特別徴収義務者【担当者氏名】,,,,全角,80,,
21,特別徴収義務者【担当者連絡先】,,,,全角,80,,
22,個人番号・法人番号区分,個人番号は「2」、法人番号は「1」を記録する。,○,,数字,1,,
23,特別徴収義務者【個人番号】,,,,数字,12,,"前ゼロ付き12桁で記録する。
個人番号・法人番号区分が2（個人番号）の時入力可とする。"
24,特別徴収義務者【法人番号】,,△,,数字,13,,個人番号・法人番号区分が1（法人番号）の時入力必須、入力可とする。
25,施設情報【施設番号（宿泊施設番号、指定番号）】,施設ごとに登録されている番号を記録する。,,,全角,10,,
26,施設情報【名称】,,○,,全角,80,,
27,施設情報【所在地】,,○,,全角,80,,
28,施設情報【電話番号】,,,,半角,20,,半角数字、半角ハイフン又は丸括弧とする。
29,納入税額－行為年月,行為年月を西暦6桁の年月で記録する。,○,,数字,6,,
30,納入税額－行為年月【申告区分１】,,○,,全角,50,,
31,納入税額－行為年月－申告区分１【税率】,"1,200円の場合、1200と設定する。",,,数字,12,,各地方団体が設定した税率を記録する。
32,納入税額－行為年月－申告区分１【宿泊数】,,,,数字,8,,
33,納入税額－行為年月－申告区分１【税額】,,,,数字,13,,"宿泊数×税率の計算結果を記録する。
小数点以下は切り捨てする。"
34,納入税額－行為年月【申告区分２】,,,,全角,50,,
35,納入税額－行為年月－申告区分２【税率】,"1,200円の場合、1200と設定する。",,,数字,12,,各地方団体が設定した税率を記録する。
36,納入税額－行為年月－申告区分２【宿泊数】,,,,数字,8,,
37,納入税額－行為年月－申告区分２【税額】,,,,数字,13,,"宿泊数×税率の計算結果を記録する。
小数点以下は切り捨てする。"
38,納入税額－行為年月【申告区分３】,,,,全角,50,,
39,納入税額－行為年月－申告区分３【税率】,"1,200円の場合、1200と設定する。",,,数字,12,,各地方団体が設定した税率を記録する。
40,納入税額－行為年月－申告区分３【宿泊数】,,,,数字,8,,
41,納入税額－行為年月－申告区分３【税額】,,,,数字,13,,"宿泊数×税率の計算結果を記録する。
小数点以下は切り捨てする。"
42,納入税額－行為年月【申告区分４】,,,,全角,50,,
43,納入税額－行為年月－申告区分４【税率】,"1,200円の場合、1200と設定する。",,,数字,12,,各地方団体が設定した税率を記録する。
44,納入税額－行為年月－申告区分４【宿泊数】,,,,数字,8,,
45,納入税額－行為年月－申告区分４【税額】,,,,数字,13,,"宿泊数×税率の計算結果を記録する。
小数点以下は切り捨てする。"
46,納入税額－行為年月【申告区分５】,,,,全角,50,,
47,納入税額－行為年月－申告区分５【税率】,"1,200円の場合、1200と設定する。",,,数字,12,,各地方団体が設定した税率を記録する。
48,納入税額－行為年月－申告区分５【宿泊数】,,,,数字,8,,
49,納入税額－行為年月－申告区分５【税額】,,,,数字,13,,"宿泊数×税率の計算結果を記録する。
小数点以下は切り捨てする。"
50,納入税額－行為年月【申告区分６】,,,,全角,50,,
51,納入税額－行為年月－申告区分６【税率】,"1,200円の場合、1200と設定する。",,,数字,12,,各地方団体が設定した税率を記録する。
52,納入税額－行為年月－申告区分６【宿泊数】,,,,数字,8,,
53,納入税額－行為年月－申告区分６【税額】,,,,数字,13,,"宿泊数×税率の計算結果を記録する。
小数点以下は切り捨てする。"
54,納入税額－行為年月【申告区分７】,,,,全角,50,,
55,納入税額－行為年月－申告区分７【税率】,"1,200円の場合、1200と設定する。",,,数字,12,,各地方団体が設定した税率を記録する。
56,納入税額－行為年月－申告区分７【宿泊数】,,,,数字,8,,
57,納入税額－行為年月－申告区分７【税額】,,,,数字,13,,"宿泊数×税率の計算結果を記録する。
小数点以下は切り捨てする。"
58,納入税額－行為年月【申告区分８】,,,,全角,50,,
59,納入税額－行為年月－申告区分８【税率】,"1,200円の場合、1200と設定する。",,,数字,12,,各地方団体が設定した税率を記録する。
60,納入税額－行為年月－申告区分８【宿泊数】,,,,数字,8,,
61,納入税額－行為年月－申告区分８【税額】,,,,数字,13,,"宿泊数×税率の計算結果を記録する。
小数点以下は切り捨てする。"
62,納入税額－行為年月【申告区分９】,,,,全角,50,,
63,納入税額－行為年月－申告区分９【税率】,"1,200円の場合、1200と設定する。",,,数字,12,,各地方団体が設定した税率を記録する。
64,納入税額－行為年月－申告区分９【宿泊数】,,,,数字,8,,
65,納入税額－行為年月－申告区分９【税額】,,,,数字,13,,"宿泊数×税率の計算結果を記録する。
小数点以下は切り捨てする。"
66,納入税額－行為年月【申告区分１０】,,,,全角,50,,
67,納入税額－行為年月－申告区分１０【税率】,"1,200円の場合、1200と設定する。",,,数字,12,,各地方団体が設定した税率を記録する。
68,納入税額－行為年月－申告区分１０【宿泊数】,,,,数字,8,,
69,納入税額－行為年月－申告区分１０【税額】,,,,数字,13,,"宿泊数×税率の計算結果を記録する。
小数点以下は切り捨てする。"
70,納入税額－行為年月－課税対象宿泊合計【宿泊数】,,○,,数字,9,,
71,納入税額－行為年月－課税対象宿泊合計【税額】,,○,,数字,14,,
72,納入税額－行為年月－課税免除【宿泊数】,,○,,数字,9,,
73,納入税額－行為年月－合計【宿泊数】,,○,,数字,10,,
74,納入税額－行為年月－合計【税額】,,○,,数字,14,,
75,備考,,,,全角,200,,
