1,税目区分,0
2,様式ID,0
3,手続ID,0
4,利用者ID,0
5,納税者ID,0
6,代理人利用者ID,0
7,代理人納税者ID,0
8,申告受付番号,0
9,受付年月日,0
10,宛先【地方公共団体コード】,0
11,宛先【税務事務所コード】,0
12,宛先【長名】,0
13,提出年月日,2
14,特別徴収義務者【証票番号（事業者番号）】,0
15,特別徴収義務者【氏名又は名称】,1
16,特別徴収義務者【代表者氏名】,1
17,特別徴収義務者【郵便番号】,1
18,特別徴収義務者【住所又は所在地】,1
19,特別徴収義務者【電話番号】,1
20,特別徴収義務者【担当者氏名】,1
21,特別徴収義務者【担当者連絡先】,1
22,個人番号・法人番号区分,1
23,特別徴収義務者【個人番号】,1
24,特別徴収義務者【法人番号】,1
25,施設情報【施設番号（宿泊施設番号、指定番号）】,1
26,施設情報【名称】,1
27,施設情報【所在地】,1
28,施設情報【電話番号】,1
29,納入税額－行為年月１,1
30,納入税額－行為年月１【申告区分１】,1
31,納入税額－行為年月１－申告区分１【税率】,2
32,納入税額－行為年月１－申告区分１【宿泊数】,2
33,納入税額－行為年月１－申告区分１【税額】,2
34,納入税額－行為年月１【申告区分２】,1
35,納入税額－行為年月１－申告区分２【税率】,2
36,納入税額－行為年月１－申告区分２【宿泊数】,2
37,納入税額－行為年月１－申告区分２【税額】,2
38,納入税額－行為年月１【申告区分３】,1
39,納入税額－行為年月１－申告区分３【税率】,2
40,納入税額－行為年月１－申告区分３【宿泊数】,2
41,納入税額－行為年月１－申告区分３【税額】,2
42,納入税額－行為年月１【申告区分４】,1
43,納入税額－行為年月１－申告区分４【税率】,2
44,納入税額－行為年月１－申告区分４【宿泊数】,2
45,納入税額－行為年月１－申告区分４【税額】,2
46,納入税額－行為年月１【申告区分５】,1
47,納入税額－行為年月１－申告区分５【税率】,2
48,納入税額－行為年月１－申告区分５【宿泊数】,2
49,納入税額－行為年月１－申告区分５【税額】,2
50,納入税額－行為年月１【申告区分６】,1
51,納入税額－行為年月１－申告区分６【税率】,2
52,納入税額－行為年月１－申告区分６【宿泊数】,2
53,納入税額－行為年月１－申告区分６【税額】,2
54,納入税額－行為年月１【申告区分７】,1
55,納入税額－行為年月１－申告区分７【税率】,2
56,納入税額－行為年月１－申告区分７【宿泊数】,2
57,納入税額－行為年月１－申告区分７【税額】,2
58,納入税額－行為年月１【申告区分８】,1
59,納入税額－行為年月１－申告区分８【税率】,2
60,納入税額－行為年月１－申告区分８【宿泊数】,2
61,納入税額－行為年月１－申告区分８【税額】,2
62,納入税額－行為年月１【申告区分９】,1
63,納入税額－行為年月１－申告区分９【税率】,2
64,納入税額－行為年月１－申告区分９【宿泊数】,2
65,納入税額－行為年月１－申告区分９【税額】,2
66,納入税額－行為年月１【申告区分１０】,1
67,納入税額－行為年月１－申告区分１０【税率】,2
68,納入税額－行為年月１－申告区分１０【宿泊数】,2
69,納入税額－行為年月１－申告区分１０【税額】,2
70,納入税額－行為年月１－課税対象宿泊合計【宿泊数】,2
71,納入税額－行為年月１－課税対象宿泊合計【税額】,2
72,納入税額－行為年月１－課税免除【宿泊数】,2
73,納入税額－行為年月１－合計【宿泊数】,2
74,納入税額－行為年月１－合計【税額】,2
75,納入税額－行為年月２,1
76,納入税額－行為年月２【申告区分１】,1
77,納入税額－行為年月２－申告区分１【税率】,2
78,納入税額－行為年月２－申告区分１【宿泊数】,2
79,納入税額－行為年月２－申告区分１【税額】,2
80,納入税額－行為年月２【申告区分２】,1
81,納入税額－行為年月２－申告区分２【税率】,2
82,納入税額－行為年月２－申告区分２【宿泊数】,2
83,納入税額－行為年月２－申告区分２【税額】,2
84,納入税額－行為年月２【申告区分３】,1
85,納入税額－行為年月２－申告区分３【税率】,2
86,納入税額－行為年月２－申告区分３【宿泊数】,2
87,納入税額－行為年月２－申告区分３【税額】,2
88,納入税額－行為年月２【申告区分４】,1
89,納入税額－行為年月２－申告区分４【税率】,2
90,納入税額－行為年月２－申告区分４【宿泊数】,2
91,納入税額－行為年月２－申告区分４【税額】,2
92,納入税額－行為年月２【申告区分５】,1
93,納入税額－行為年月２－申告区分５【税率】,2
94,納入税額－行為年月２－申告区分５【宿泊数】,2
95,納入税額－行為年月２－申告区分５【税額】,2
96,納入税額－行為年月２【申告区分６】,1
97,納入税額－行為年月２－申告区分６【税率】,2
98,納入税額－行為年月２－申告区分６【宿泊数】,2
99,納入税額－行為年月２－申告区分６【税額】,2
100,納入税額－行為年月２【申告区分７】,1
101,納入税額－行為年月２－申告区分７【税率】,2
102,納入税額－行為年月２－申告区分７【宿泊数】,2
103,納入税額－行為年月２－申告区分７【税額】,2
104,納入税額－行為年月２【申告区分８】,1
105,納入税額－行為年月２－申告区分８【税率】,2
106,納入税額－行為年月２－申告区分８【宿泊数】,2
107,納入税額－行為年月２－申告区分８【税額】,2
108,納入税額－行為年月２【申告区分９】,1
109,納入税額－行為年月２－申告区分９【税率】,2
110,納入税額－行為年月２－申告区分９【宿泊数】,2
111,納入税額－行為年月２－申告区分９【税額】,2
112,納入税額－行為年月２【申告区分１０】,1
113,納入税額－行為年月２－申告区分１０【税率】,2
114,納入税額－行為年月２－申告区分１０【宿泊数】,2
115,納入税額－行為年月２－申告区分１０【税額】,2
116,納入税額－行為年月２－課税対象宿泊合計【宿泊数】,2
117,納入税額－行為年月２－課税対象宿泊合計【税額】,2
118,納入税額－行為年月２－課税免除【宿泊数】,2
119,納入税額－行為年月２－合計【宿泊数】,2
120,納入税額－行為年月２－合計【税額】,2
121,納入税額－行為年月３,1
122,納入税額－行為年月３【申告区分１】,1
123,納入税額－行為年月３－申告区分１【税率】,2
124,納入税額－行為年月３－申告区分１【宿泊数】,2
125,納入税額－行為年月３－申告区分１【税額】,2
126,納入税額－行為年月３【申告区分２】,1
127,納入税額－行為年月３－申告区分２【税率】,2
128,納入税額－行為年月３－申告区分２【宿泊数】,2
129,納入税額－行為年月３－申告区分２【税額】,2
130,納入税額－行為年月３【申告区分３】,1
131,納入税額－行為年月３－申告区分３【税率】,2
132,納入税額－行為年月３－申告区分３【宿泊数】,2
133,納入税額－行為年月３－申告区分３【税額】,2
134,納入税額－行為年月３【申告区分４】,1
135,納入税額－行為年月３－申告区分４【税率】,2
136,納入税額－行為年月３－申告区分４【宿泊数】,2
137,納入税額－行為年月３－申告区分４【税額】,2
138,納入税額－行為年月３【申告区分５】,1
139,納入税額－行為年月３－申告区分５【税率】,2
140,納入税額－行為年月３－申告区分５【宿泊数】,2
141,納入税額－行為年月３－申告区分５【税額】,2
142,納入税額－行為年月３【申告区分６】,1
143,納入税額－行為年月３－申告区分６【税率】,2
144,納入税額－行為年月３－申告区分６【宿泊数】,2
145,納入税額－行為年月３－申告区分６【税額】,2
146,納入税額－行為年月３【申告区分７】,1
147,納入税額－行為年月３－申告区分７【税率】,2
148,納入税額－行為年月３－申告区分７【宿泊数】,2
149,納入税額－行為年月３－申告区分７【税額】,2
150,納入税額－行為年月３【申告区分８】,1
151,納入税額－行為年月３－申告区分８【税率】,2
152,納入税額－行為年月３－申告区分８【宿泊数】,2
153,納入税額－行為年月３－申告区分８【税額】,2
154,納入税額－行為年月３【申告区分９】,1
155,納入税額－行為年月３－申告区分９【税率】,2
156,納入税額－行為年月３－申告区分９【宿泊数】,2
157,納入税額－行為年月３－申告区分９【税額】,2
158,納入税額－行為年月３【申告区分１０】,1
159,納入税額－行為年月３－申告区分１０【税率】,2
160,納入税額－行為年月３－申告区分１０【宿泊数】,2
161,納入税額－行為年月３－申告区分１０【税額】,2
162,納入税額－行為年月３－課税対象宿泊合計【宿泊数】,2
163,納入税額－行為年月３－課税対象宿泊合計【税額】,2
164,納入税額－行為年月３－課税免除【宿泊数】,2
165,納入税額－行為年月３－合計【宿泊数】,2
166,納入税額－行為年月３－合計【税額】,2
167,備考,0
